game_id,season,season_type,week,game_date,offense,opponent,qb_id,qb,team_result,raw_outcome,raw_reason,adjusted_outcome,adjustment_reason,trailing_opportunity,drive_count,scores,points,drive_conversions,avg_deficit_sum,cdcr_classification,cdcr_reason,cdcr_drive_id,cdcr_start_score_diff,cdcr_team_result,framework_disagreement
2020_01_LAC_CIN,2020,REG,1,2020-09-13,CIN,LAC,00-0036442,J.Burrow,L,L,final_team_result,T,missed_or_blocked_game_tying_fg_60_or_less,1,3,0,0,0,6,CONVERSION,missed_or_blocked_fg_45_or_shorter,24,-3,L,1
2020_03_CIN_PHI,2020,REG,3,2020-09-27,CIN,PHI,00-0036442,J.Burrow,T,T,final_team_result,T,,0,4,0,0,0,0,FAILURE,punt,26,0,T,0
2020_06_CIN_IND,2020,REG,6,2020-10-18,CIN,IND,00-0036442,J.Burrow,L,L,final_team_result,L,,1,3,0,0,0,6,FAILURE,interception,21,-4,L,0
2020_07_CLE_CIN,2020,REG,7,2020-10-25,CIN,CLE,00-0036442,J.Burrow,L,L,final_team_result,W,lost_after_qb_go_ahead_drive,1,3,2,14,2,11,FAILURE,END_GAME,18,-3,L,1
2021_01_MIN_CIN,2021,REG,1,2021-09-12,CIN,MIN,00-0036442,J.Burrow,W,W,final_team_result,W,,0,3,1,3,1,0,CONVERSION,offense_reached_required_score_state,26,0,W,0
2021_02_CIN_CHI,2021,REG,2,2021-09-19,CIN,CHI,00-0036442,J.Burrow,L,L,final_team_result,L,,1,1,0,0,0,7,,,,,,0
2021_04_JAX_CIN,2021,REG,4,2021-09-30,CIN,JAX,00-0036442,J.Burrow,W,W,final_team_result,W,,1,2,2,10,2,7,CONVERSION,offense_reached_required_score_state,17,0,W,0
2021_05_GB_CIN,2021,REG,5,2021-10-10,CIN,GB,00-0036442,J.Burrow,L,L,final_team_result,W,missed_or_blocked_go_ahead_fg_60_or_less,1,4,1,8,1,8,ND-K,missed_or_blocked_fg_46_to_55,24,0,L,1
2021_08_CIN_NYJ,2021,REG,8,2021-10-31,CIN,NYJ,00-0036442,J.Burrow,L,L,final_team_result,L,,1,1,0,0,0,3,FAILURE,punt,23,-3,L,0
2021_13_LAC_CIN,2021,REG,13,2021-12-05,CIN,LAC,00-0036442,J.Burrow,L,L,final_team_result,L,,1,1,0,0,0,2,,,,,,0
2021_14_SF_CIN,2021,REG,14,2021-12-12,CIN,SF,00-0036442,J.Burrow,L,L,final_team_result,W,lost_after_qb_go_ahead_drive,1,3,2,10,2,14,CONVERSION,offense_reached_required_score_state,23,0,L,0
2021_17_KC_CIN,2021,REG,17,2022-01-02,CIN,KC,00-0036442,J.Burrow,W,W,final_team_result,W,,1,2,2,10,2,4,CONVERSION,offense_reached_required_score_state,18,0,W,0
2021_20_CIN_TEN,2021,POST,20,2022-01-22,CIN,TEN,00-0036442,J.Burrow,W,W,final_team_result,W,,0,3,1,3,1,0,CONVERSION,offense_reached_required_score_state,23,0,W,0
2021_21_CIN_KC,2021,POST,21,2022-01-30,CIN,KC,00-0036442,J.Burrow,W,W,final_team_result,W,,0,3,2,6,2,0,CONVERSION,offense_reached_required_score_state,21,0,W,0
2021_22_LA_CIN,2021,POST,22,2022-02-13,CIN,LA,00-0036442,J.Burrow,L,L,final_team_result,L,,1,1,0,0,0,3,FAILURE,turnover_on_downs,25,-3,L,0
2022_01_PIT_CIN,2022,REG,1,2022-09-11,CIN,PIT,00-0036442,J.Burrow,L,L,final_team_result,W,missed_or_blocked_go_ahead_fg_60_or_less,1,6,1,6,1,21,FAILURE,punt,28,0,L,1
2022_02_CIN_DAL,2022,REG,2,2022-09-18,CIN,DAL,00-0036442,J.Burrow,L,L,final_team_result,T,tied_on_final_possession_no_return,1,3,1,8,1,16,FAILURE,punt,19,0,L,0
2022_04_MIA_CIN,2022,REG,4,2022-09-29,CIN,MIA,00-0036442,J.Burrow,W,W,final_team_result,W,,1,1,1,3,1,1,,,,,,0
2022_05_CIN_BAL,2022,REG,5,2022-10-09,CIN,BAL,00-0036442,J.Burrow,L,L,final_team_result,W,lost_after_qb_go_ahead_drive,1,1,1,7,1,6,CONVERSION,offense_reached_required_score_state,18,-6,L,0
2022_06_CIN_NO,2022,REG,6,2022-10-16,CIN,NO,00-0036442,J.Burrow,W,W,final_team_result,W,,1,2,2,9,1,7,CONVERSION,offense_reached_required_score_state,18,-2,W,0
2022_12_CIN_TEN,2022,REG,12,2022-11-27,CIN,TEN,00-0036442,J.Burrow,W,W,final_team_result,W,,0,1,1,7,1,0,,,,,,0
2022_13_KC_CIN,2022,REG,13,2022-12-04,CIN,KC,00-0036442,J.Burrow,W,W,final_team_result,W,,1,2,2,10,1,11,,,,,,0
2022_21_CIN_KC,2022,POST,21,2023-01-29,CIN,KC,00-0036442,J.Burrow,L,L,final_team_result,L,,1,3,1,7,1,7,FAILURE,punt,19,0,L,0
2023_10_HOU_CIN,2023,REG,10,2023-11-12,CIN,HOU,00-0036442,J.Burrow,L,L,final_team_result,L,,1,1,1,3,1,3,CONVERSION,offense_reached_required_score_state,25,-3,L,1
2024_01_NE_CIN,2024,REG,1,2024-09-08,CIN,NE,00-0036442,J.Burrow,L,L,final_team_result,L,,1,1,0,0,0,6,FAILURE,punt,17,-6,L,0
2024_02_CIN_KC,2024,REG,2,2024-09-15,CIN,KC,00-0036442,J.Burrow,L,L,final_team_result,W,lost_after_qb_go_ahead_drive,1,1,1,3,1,1,,,,,,0
2024_05_BAL_CIN,2024,REG,5,2024-10-06,CIN,BAL,00-0036442,J.Burrow,L,L,final_team_result,W,missed_or_blocked_go_ahead_fg_60_or_less,0,2,0,0,0,0,ND-K,missed_or_blocked_fg_46_to_55,24,0,L,1
2024_10_CIN_BAL,2024,REG,10,2024-11-07,CIN,BAL,00-0036442,J.Burrow,L,L,final_team_result,L,,1,2,2,13,1,14,CONVERSION,touchdown_down_7_kicker_neutral,22,-7,L,1
2024_11_CIN_LAC,2024,REG,11,2024-11-17,CIN,LAC,00-0036442,J.Burrow,L,L,final_team_result,W,missed_or_blocked_go_ahead_fg_60_or_less,1,5,1,7,1,14,FAILURE,END_GAME,26,-7,L,1
2024_14_CIN_DAL,2024,REG,14,2024-12-09,CIN,DAL,00-0036442,J.Burrow,W,W,final_team_result,W,,1,4,2,10,2,3,CONVERSION,offense_reached_required_score_state,20,0,W,0
2024_17_DEN_CIN,2024,REG,17,2024-12-28,CIN,DEN,00-0036442,J.Burrow,W,W,final_team_result,W,,0,7,3,20,3,0,CONVERSION,offense_reached_required_score_state,21,0,W,0
2025_14_CIN_BUF,2025,REG,14,2025-12-07,CIN,BUF,00-0036442,J.Burrow,L,L,final_team_result,L,,1,1,0,0,0,4,,,,,,0
2025_18_CLE_CIN,2025,REG,18,2026-01-04,CIN,CLE,00-0036442,J.Burrow,L,L,final_team_result,W,lost_after_qb_go_ahead_drive,1,2,1,6,1,10,CONVERSION,offense_reached_required_score_state,18,-5,L,0
2026_03_CIN_PIT,2026,REG,3,2026-09-27,CIN,PIT,00-0036442,J.Burrow,L,L,final_team_result,W,lost_after_qb_go_ahead_drive,1,3,1,7,1,7,FAILURE,fumble_lost,17,-3,L,1
