qb_id,display_name,raw_4qc_w,raw_4qc_l,raw_4qc_t,raw_gwd_w,raw_gwd_l,raw_gwd_t,raw_gwd_nd,raw_gwd_pct,drives,scores,score_pct,points_per_drive,avg_deficit,drive_conversions,drive_conversion_pct,adjusted_w,adjusted_l,adjusted_t,adjusted_nd,adjusted_pct,lost_go_ahead_games,kicker_adjusted_games,cdcr_conversions,cdcr_failures,cdcr_resolved,cdcr_pct,cdcr_rank,kacsmar_raw_rank,kacsmar_adjusted_rank,all_drive_conversion_rank,cdcr_minus_raw_rank,cdcr_minus_adjusted_rank
00-0033873,Patrick Mahomes,28,27,0,34,27,0,0,55.738,134,75,55.97,2.903,2.679,72,53.731,42,16,3,0,71.311,8,2,26,14,40,65.0,1,2,1,1,1,0
00-0011024,Steve McNair,14,23,0,20,25,0,3,44.444,106,36,33.962,1.604,3.226,29,27.358,24,22,2,0,52.083,2,3,16,10,26,61.538,2,14,41,57,12,39
00-0010346,Peyton Manning,45,45,0,58,48,0,0,54.717,211,99,46.919,2.569,3.095,97,45.972,68,31,7,0,67.453,8,4,35,25,60,58.333,3,3,4,3,0,1
00-0036355,Justin Herbert,15,32,0,19,34,0,0,35.849,119,49,41.176,2.126,3.168,46,38.655,28,24,1,0,53.774,9,0,20,16,36,55.556,4,44,33,14,40,29
00-0019596,Tom Brady,55,52,0,73,54,0,1,57.48,277,137,49.458,2.61,3.256,119,42.96,85,38,5,0,68.359,11,1,46,37,83,55.422,5,1,3,6,-4,-2
00-0036442,Joe Burrow,6,22,0,11,23,1,0,32.857,88,35,39.773,2.159,2.489,32,36.364,21,11,3,0,64.286,6,5,14,12,26,53.846,6,52,7,18,46,1
00-0004161,Jake Delhomme,19,25,0,26,29,0,0,47.273,121,43,35.537,1.992,3.083,39,32.231,31,21,3,0,59.091,4,2,19,17,36,52.778,7,8,16,42,1,9
00-0033106,Jared Goff,19,35,0,27,35,1,0,43.651,118,52,44.068,2.297,3.263,47,39.831,35,26,2,0,57.143,7,1,20,18,38,52.632,8,19,20,10,11,12
00-0022924,Ben Roethlisberger,44,53,0,58,58,1,1,50.0,244,114,46.721,2.459,2.992,103,42.213,73,40,5,0,63.983,14,1,42,38,80,52.5,9,4,8,7,-5,-1
00-0020531,Drew Brees,38,64,0,57,72,0,1,44.186,258,121,46.899,2.535,2.911,112,43.411,84,42,4,0,66.154,20,7,45,42,87,51.724,10,17,6,5,7,-4
00-0022803,Eli Manning,33,63,0,43,66,0,0,39.45,240,100,41.667,2.346,3.342,92,38.333,60,45,4,0,56.881,16,2,36,34,70,51.429,11,30,24,15,19,13
00-0031280,Derek Carr,28,47,0,35,48,0,1,42.169,181,81,44.751,2.558,3.718,73,40.331,45,38,1,0,54.167,10,0,29,29,58,50.0,12,22,31,9,10,19
00-0029701,Ryan Tannehill,26,38,0,32,40,0,0,44.444,160,64,40.0,2.194,2.975,57,35.625,40,29,3,0,57.639,6,4,23,23,46,50.0,13,13,19,24,0,6
00-0030565,Geno Smith,13,30,0,19,32,0,0,37.255,114,42,36.842,1.921,3.026,36,31.579,27,20,4,0,56.863,4,6,15,16,31,48.387,14,39,25,44,25,11
00-0032268,Marcus Mariota,13,25,0,17,27,0,0,38.636,107,47,43.925,2.131,3.495,36,33.645,24,20,0,0,54.545,6,1,15,16,31,48.387,15,33,30,34,18,15
00-0001823,Aaron Brooks,12,22,0,19,22,0,0,46.341,85,33,38.824,2.141,3.624,29,34.118,22,19,0,0,53.659,3,0,14,15,29,48.276,16,10,35,32,-6,19
00-0005741,Rich Gannon,9,24,0,12,27,0,0,30.769,90,33,36.667,1.811,2.689,30,33.333,16,16,7,0,50.0,3,3,14,15,29,48.276,17,54,45,36,37,28
00-0021429,Carson Palmer,23,51,0,36,51,1,1,41.477,184,72,39.13,2.005,3.38,64,34.783,43,44,2,0,49.438,7,0,26,28,54,48.148,18,24,48,30,6,30
00-0021678,Tony Romo,25,31,0,30,33,0,0,47.619,146,63,43.151,2.301,3.103,54,36.986,38,24,1,0,61.111,5,3,20,22,42,47.619,19,6,11,17,-13,-8
00-0034857,Josh Allen,19,30,0,28,30,0,0,48.276,123,62,50.407,2.74,2.846,58,47.154,38,15,5,0,69.828,10,1,19,21,40,47.5,20,5,2,2,-15,-18
00-0024226,Jay Cutler,23,31,0,29,34,0,1,46.032,137,55,40.146,2.139,3.526,49,35.766,33,29,2,0,53.125,4,1,21,24,45,46.667,21,11,37,23,-10,16
00-0013042,Jake Plummer,13,25,0,21,25,0,0,45.652,104,38,36.538,1.712,3.173,35,33.654,26,20,0,0,56.522,5,0,14,16,30,46.667,22,12,27,33,-10,5
00-0033077,Dak Prescott,20,31,1,28,32,1,0,46.721,144,74,51.389,2.701,3.09,63,43.75,34,22,5,0,59.836,6,1,20,23,43,46.512,23,9,14,4,-14,-9
00-0026498,Matthew Stafford,42,69,1,56,71,1,1,44.141,271,119,43.911,2.299,3.159,105,38.745,73,55,1,0,56.977,15,2,39,45,84,46.429,24,18,23,13,-6,-1
00-0019599,Marc Bulger,13,22,0,17,23,0,0,42.5,95,37,38.947,1.937,2.737,34,35.789,24,15,1,0,61.25,6,1,12,14,26,46.154,25,21,10,22,-4,-15
00-0005106,Brett Favre,22,47,0,34,49,0,0,40.964,208,68,32.692,1.577,2.966,63,30.288,41,38,4,0,51.807,6,1,27,32,59,45.763,26,27,42,48,1,16
00-0021231,David Garrard,11,20,0,18,20,0,0,47.368,89,35,39.326,2.18,3.315,32,35.955,21,16,1,0,56.579,3,0,14,17,31,45.161,27,7,26,20,-20,-1
00-0029604,Kirk Cousins,24,47,2,34,49,2,0,41.176,198,77,38.889,2.051,3.222,70,35.354,48,32,5,0,59.412,14,0,30,38,68,44.118,28,25,15,26,-3,-13
00-0026143,Matt Ryan,38,59,1,49,64,1,0,43.421,223,94,42.152,2.269,2.946,85,38.117,64,45,5,0,58.333,14,1,36,46,82,43.902,29,20,18,16,-9,-11
00-0020245,Mike Vick,13,25,1,17,28,1,0,38.043,103,36,34.951,1.942,3.039,34,33.01,25,20,1,0,55.435,6,2,14,18,32,43.75,30,37,28,39,7,-2
00-0027939,Cam Newton,16,42,1,21,45,1,0,32.09,137,47,34.307,1.839,3.584,40,29.197,30,35,2,0,46.269,8,2,20,26,46,43.478,31,53,55,53,22,24
00-0023459,Aaron Rodgers,27,61,0,40,65,1,0,38.208,225,95,42.222,2.329,3.289,89,39.556,60,38,8,0,60.377,16,5,30,40,70,42.857,32,36,13,12,4,-19
00-0034796,Lamar Jackson,11,21,0,15,24,0,0,38.462,91,43,47.253,2.319,2.736,36,39.56,23,16,0,0,58.974,8,0,13,18,31,41.935,33,34,17,11,1,-16
00-0006355,Trent Green,14,28,0,18,31,0,0,36.735,107,39,36.449,2.009,3.514,36,33.645,22,23,4,0,48.98,4,0,14,20,34,41.176,34,40,50,35,6,16
00-0031503,Jameis Winston,10,35,0,15,37,0,0,28.846,116,37,31.897,1.741,3.457,28,24.138,23,26,3,0,47.115,6,3,16,23,39,41.026,35,59,53,61,24,18
00-0005755,Jeff Garcia,12,26,0,19,30,0,1,38.776,120,49,40.833,2.117,3.0,43,35.833,28,17,5,0,61.0,6,3,16,23,39,41.026,36,32,12,21,-4,-24
00-0007091,Matt Hasselbeck,18,30,0,27,34,0,0,44.262,146,54,36.986,1.849,2.904,51,34.932,37,21,3,0,63.115,9,1,16,24,40,40.0,37,16,9,29,-21,-28
00-0022787,Matt Schaub,11,26,0,15,27,0,0,35.714,110,39,35.455,1.909,3.536,33,30.0,19,20,3,0,48.81,4,1,12,18,30,40.0,38,45,51,49,7,13
00-0006423,Brian Griese,9,23,0,13,23,0,1,36.111,98,29,29.592,1.337,3.235,24,24.49,16,19,2,0,45.946,1,2,10,15,25,40.0,39,43,56,60,4,17
00-0023662,Matt Cassel,9,23,0,12,23,0,0,34.286,101,38,37.624,1.832,3.129,35,34.653,16,18,1,0,47.143,4,0,10,15,25,40.0,40,49,52,31,9,12
00-0033537,Deshaun Watson,12,20,0,16,20,0,0,44.444,76,34,44.737,2.263,3.592,31,40.789,24,12,0,0,66.667,8,0,10,16,26,38.462,41,15,5,8,-26,-36
00-0027973,Andy Dalton,22,46,2,30,49,2,0,38.272,186,63,33.871,1.72,3.134,58,31.183,41,35,5,0,53.704,10,1,19,31,50,38.0,42,35,34,46,-7,-8
00-0022942,Philip Rivers,30,79,0,36,84,0,0,30.0,242,86,35.537,1.777,3.674,76,31.405,50,61,9,0,45.417,12,6,31,53,84,36.905,43,55,58,45,12,15
00-0035710,Daniel Jones,11,27,0,15,28,1,0,35.227,97,42,43.299,2.186,3.649,32,32.99,21,18,5,0,53.409,6,0,11,19,30,36.667,44,46,36,40,2,-8
00-0035228,Kyler Murray,10,26,1,14,27,1,0,34.524,82,35,42.683,2.268,3.598,29,35.366,19,19,4,0,50.0,4,3,11,19,30,36.667,45,48,46,25,3,1
00-0029263,Russell Wilson,34,56,1,44,62,1,0,41.589,224,94,41.964,2.192,3.246,79,35.268,58,43,6,0,57.009,13,2,25,44,69,36.232,46,23,22,28,-23,-24
00-0020608,David Carr,6,20,0,10,24,0,0,29.412,67,22,32.836,1.522,2.881,20,29.851,14,20,0,0,41.176,4,0,9,16,25,36.0,47,57,61,50,10,14
00-0026158,Joe Flacco,24,62,0,33,66,0,0,33.333,238,92,38.655,1.819,3.273,77,32.353,53,39,7,0,57.071,20,1,28,50,78,35.897,48,51,21,41,3,-27
00-0032950,Carson Wentz,13,28,1,15,30,1,1,33.696,106,44,41.509,2.226,3.915,35,33.019,20,24,3,0,45.745,4,1,10,18,28,35.714,49,50,57,38,1,8
00-0008442,Brad Johnson,9,27,0,20,29,0,1,40.816,118,33,27.966,1.466,3.144,32,27.119,25,21,4,0,54.0,4,2,12,22,34,35.294,50,28,32,58,-22,-18
00-0001361,Drew Bledsoe,11,33,0,15,36,0,1,29.412,125,30,24.0,1.36,3.712,28,22.4,18,32,2,0,36.538,2,1,13,24,37,35.135,51,56,64,64,5,13
00-0023682,Ryan Fitzpatrick,13,47,0,18,48,1,1,27.612,142,51,35.915,1.796,3.345,45,31.69,27,36,5,0,43.382,8,1,16,30,46,34.783,52,61,59,43,9,7
00-0034855,Baker Mayfield,14,37,0,16,39,0,1,29.091,113,43,38.053,2.071,3.566,41,36.283,26,27,3,0,49.107,10,0,14,28,42,33.333,53,58,49,19,5,-4
00-0019559,Chad Pennington,7,27,0,11,28,0,0,28.205,79,26,32.911,1.633,3.304,24,30.38,19,19,1,0,50.0,5,4,9,18,27,33.333,54,60,47,47,6,-7
00-0017200,Kurt Warner,9,30,0,17,30,0,0,36.17,98,30,30.612,1.735,3.592,27,27.551,23,21,3,0,52.128,4,3,10,21,31,32.258,55,42,40,56,-13,-15
00-0003739,Daunte Culpepper,11,28,0,17,30,0,0,36.17,92,35,38.043,2.109,3.62,27,29.348,18,26,3,0,41.489,1,0,8,17,25,32.0,56,41,60,52,-15,4
00-0003292,Kerry Collins,19,37,0,26,40,0,0,39.394,145,49,33.793,1.628,3.11,43,29.655,34,30,2,0,53.03,8,0,13,28,41,31.707,57,31,38,51,-26,-19
00-0036971,Trevor Lawrence,10,23,0,15,25,0,1,37.5,85,34,40.0,2.035,3.659,30,35.294,21,19,1,0,52.439,6,0,10,23,33,30.303,58,38,39,27,-20,-19
00-0011022,Donovan McNabb,18,35,1,27,41,1,2,39.855,181,60,33.149,1.635,2.983,52,28.729,37,30,4,0,54.93,9,2,14,34,48,29.167,59,29,29,54,-30,-30
00-0009311,Jon Kitna,16,36,0,20,37,0,0,35.088,137,44,32.117,1.759,3.438,38,27.737,27,26,4,0,50.877,7,1,11,29,40,27.5,60,47,44,55,-13,-16
00-0033119,Jacoby Brissett,5,26,0,6,28,0,0,17.647,79,21,26.582,1.418,3.063,21,26.582,15,17,2,0,47.059,7,2,7,20,27,25.926,61,65,54,59,4,-7
00-0021206,Josh McCown,7,35,0,8,37,0,1,17.778,100,29,29.0,1.43,3.98,23,23.0,17,27,2,0,39.13,7,2,8,23,31,25.806,62,64,62,63,2,0
00-0023436,Alex Smith,20,35,0,25,36,0,0,40.984,139,51,36.691,1.885,3.007,46,33.094,30,28,3,0,51.639,5,0,10,30,40,25.0,63,26,43,37,-37,-20
00-0023460,Jason Campbell,7,29,0,10,30,0,0,25.0,85,25,29.412,1.447,3.471,20,23.529,13,25,2,0,35.0,2,1,6,22,28,21.429,64,62,65,62,-2,1
00-0031407,Blake Bortles,6,29,0,8,30,0,0,21.053,104,21,20.192,0.865,3.5,17,16.346,14,23,1,0,38.158,4,2,5,21,26,19.231,65,63,63,65,-2,-2
