rank,qb_id,qb,teams,first_season,last_season,opportunities,conversions,failures,cdcr_pct,xcdcr_pct,cae_pp,cae_rank,cae_95_low,cae_95_high,sdcr_pct,sdcr_rank,sdcr_95_low,sdcr_95_high,trailing_opportunities,trailing_cdcr_pct,trailing_cdcr_rank,trailing_xcdcr_pct,trailing_cae_pp,trailing_cae_rank,trailing_sdcr_pct,trailing_sdcr_rank,trailing_sdcr_95_low,trailing_sdcr_95_high,raw_outcome_rank,adjusted_outcome_rank,clutch_response_events,successful_response_additions,conversion_nonwin_count,conversion_nonwin_pct,publication_policy_version,sdcr_assessment_scope,trailing_audit_rank_stability_pass,trailing_audit_reference_rank_invariant,trailing_audit_predictive_claim_allowed,trailing_sdcr_publication_role,overall_sdcr_reference_validation
1,00-0033873,Patrick Mahomes,KC,2017,2026,40,26,14,65.0,50.876,14.124,5,-0.414,29.783,47.57771011903634,7,39.26165639401854,54.18930386996866,24,50.0,1,39.0525287464716,10.947471253528402,13,35.120007200839574,12,28.393236074064575,40.775322284469354,2,1,59,33,3,11.538,CFR-PUBLICATION-1.1,trailing,False,False,False,exploratory,reference_sensitivity_not_assessed_by_trailing_audit
2,00-0011024,Steve McNair,BAL;TEN,1999,2006,27,17,10,62.963,46.462,16.501,1,4.413,31.581,47.16875440699154,8,38.689117813504616,54.1191225275476,20,50.0,1,38.48060149849518,11.519398501504819,10,34.99979092614065,15,28.20596355979142,40.72294880791158,14,41,30,13,3,17.647,CFR-PUBLICATION-1.1,trailing,False,False,False,exploratory,reference_sensitivity_not_assessed_by_trailing_audit
3,00-0020531,Drew Brees,LAC;NO,2001,2020,82,48,34,58.537,47.756,10.781,8,2.361,18.389,47.92421653597829,5,40.65083661045665,53.53847433050573,49,44.89795918367347,9,36.17832964090577,8.719629542767699,14,35.48217397329941,7,29.067487180359436,40.7505871468924,17,6,101,53,14,29.167,CFR-PUBLICATION-1.1,trailing,False,False,False,exploratory,reference_sensitivity_not_assessed_by_trailing_audit
4,00-0010346,Peyton Manning,DEN;IND,1999,2015,60,35,25,58.333,43.964,14.369,4,2.972,24.749,48.766007320494325,3,40.91156337861997,54.706064516243956,39,46.15384615384615,7,34.191621158525834,11.96222499532032,8,35.90859095049717,4,29.282531571444633,41.42687164086698,3,4,84,49,7,20.0,CFR-PUBLICATION-1.1,trailing,False,False,False,exploratory,reference_sensitivity_not_assessed_by_trailing_audit
5,00-0019596,Tom Brady,NE;TB,2001,2022,83,47,36,56.627,41.831,14.795,3,5.116,23.588,49.84478585988939,1,42.50927551216864,55.43906077184728,58,44.827586206896555,10,33.068544332177396,11.759041874719156,9,36.52330513596368,3,30.172477500340538,41.8019119150903,1,3,106,59,6,12.766,CFR-PUBLICATION-1.1,trailing,False,False,False,exploratory,reference_sensitivity_not_assessed_by_trailing_audit
6,00-0022924,Ben Roethlisberger,PIT,2004,2021,77,43,34,55.844,43.418,12.426,6,3.661,20.527,48.6138772648129,4,41.081113974229396,54.34276960211566,52,48.07692307692308,3,33.33804229364724,14.738880783275837,2,37.03665177160874,2,30.52810382719693,42.28476650152637,4,8,90,47,6,13.953,CFR-PUBLICATION-1.1,trailing,False,False,False,exploratory,reference_sensitivity_not_assessed_by_trailing_audit
7,00-0036355,Justin Herbert,LAC,2020,2026,36,20,16,55.556,48.116,7.439,14,-8.207,22.251,45.406358699971754,15,37.20892054807329,52.04067960864045,23,43.47826086956522,12,38.9896509792258,4.488609890339418,29,34.239615247867015,29,27.63558232121702,39.86049695149593,44,33,40,20,5,25.0,CFR-PUBLICATION-1.1,trailing,False,False,False,exploratory,reference_sensitivity_not_assessed_by_trailing_audit
8,00-0033106,Jared Goff,DET;LA,2016,2026,37,20,17,54.054,46.748,7.306,16,-11.649,22.709,45.48020418695955,14,37.2215399109781,52.1726541524867,26,42.30769230769231,17,35.49566563297389,6.812026674718419,19,34.61767722854433,21,27.93483197384674,40.287793175721866,19,20,40,20,7,35.0,CFR-PUBLICATION-1.1,trailing,False,False,False,exploratory,reference_sensitivity_not_assessed_by_trailing_audit
9,00-0036442,Joe Burrow,CIN,2020,2026,26,14,12,53.846,54.215,-0.369,39,-19.767,18.337,43.486069782614855,39,35.107316075979696,50.430631943521846,14,42.857142857142854,13,40.955119191708356,1.902023665434499,36,33.952938754405736,36,27.205663446730643,39.69997837676483,52,7,30,16,6,42.857,CFR-PUBLICATION-1.1,trailing,False,False,False,exploratory,reference_sensitivity_not_assessed_by_trailing_audit
10,00-0022803,Eli Manning,NYG,2004,2019,69,37,32,53.623,37.893,15.73,2,3.653,27.53,49.6546196534282,2,42.201921804175754,55.49030750418692,50,46.0,8,29.712447354903293,16.28755264509671,1,37.34225672826401,1,30.794266875799554,42.679364268925866,30,24,83,46,11,29.73,CFR-PUBLICATION-1.1,trailing,False,False,False,exploratory,reference_sensitivity_not_assessed_by_trailing_audit
11,00-0004161,Jake Delhomme,CAR;CLE;HOU,2003,2011,36,19,17,52.778,43.889,8.889,10,-6.7,19.148,45.78209261612337,12,37.50223519011912,52.395743149928286,23,47.82608695652174,4,33.37931487997948,14.446772076542258,3,35.480561640132926,8,28.790898908919072,41.133371697015704,8,16,36,17,4,21.053,CFR-PUBLICATION-1.1,trailing,False,False,False,exploratory,reference_sensitivity_not_assessed_by_trailing_audit
12,00-0029701,Ryan Tannehill,MIA;TEN,2012,2023,44,23,21,52.273,45.892,6.38,18,-6.652,19.591,45.340190750015765,18,37.276933398108966,51.773719490819715,29,41.37931034482759,20,34.43085186802719,6.948458476800395,18,34.68601907354598,20,28.05143022642819,40.29554581153363,13,19,47,24,2,8.696,CFR-PUBLICATION-1.1,trailing,False,False,False,exploratory,reference_sensitivity_not_assessed_by_trailing_audit
13,00-0031280,Derek Carr,LV;NO,2014,2024,56,29,27,51.786,39.582,12.204,7,-1.849,27.203,47.69101661829756,6,39.80266533170055,53.84602847620948,43,39.53488372093023,22,31.371661123435956,8.163222597494274,16,35.21898792935777,11,28.816365626688416,40.60192125701605,22,31,66,37,5,17.241,CFR-PUBLICATION-1.1,trailing,False,False,False,exploratory,reference_sensitivity_not_assessed_by_trailing_audit
14,00-0033077,Dak Prescott,DAL,2016,2026,43,22,21,51.163,43.748,7.415,15,-3.131,17.091,45.648945980349815,13,37.488723957046076,52.16002427157601,28,42.857142857142854,13,30.758691457741214,12.098451399401638,7,35.44558114226975,10,28.805655132676613,40.9908183633994,9,14,54,32,6,27.273,CFR-PUBLICATION-1.1,trailing,False,False,False,exploratory,reference_sensitivity_not_assessed_by_trailing_audit
15,00-0021429,Carson Palmer,ARI;CIN;LV,2004,2017,53,27,26,50.943,42.091,8.853,11,-3.89,21.004,46.384972486439544,9,38.5878970752562,52.58687705279805,34,32.35294117647059,35,29.787057711750638,2.5658834647199535,35,34.05304808872174,35,27.59310754374261,39.44143046390593,24,48,65,38,7,25.926,CFR-PUBLICATION-1.1,trailing,False,False,False,exploratory,reference_sensitivity_not_assessed_by_trailing_audit
16,00-0034857,Josh Allen,BUF,2018,2026,40,20,20,50.0,48.985,1.015,36,-12.948,14.778,43.64414392336023,37,35.61712934611438,50.10741384427539,28,46.42857142857143,6,42.21672734802648,4.211844080544952,30,34.23108624206355,30,27.705364389315722,39.70637388488888,5,2,51,31,7,35.0,CFR-PUBLICATION-1.1,trailing,False,False,False,exploratory,reference_sensitivity_not_assessed_by_trailing_audit
17,00-0030565,Geno Smith,LV;NYJ;SEA,2013,2026,31,15,16,48.387,43.978,4.41,28,-20.283,23.458,44.49877576534384,31,36.14109429045765,51.075074896469495,21,47.61904761904761,5,36.309226025933505,11.309821593114112,12,34.993491603355785,16,28.241194464210352,40.68161328484054,39,25,32,17,1,6.667,CFR-PUBLICATION-1.1,trailing,False,False,False,exploratory,reference_sensitivity_not_assessed_by_trailing_audit
18,00-0032268,Marcus Mariota,ATL;LV;TEN;WAS,2015,2025,31,15,16,48.387,44.31,4.077,30,-13.525,27.205,44.45305464030989,32,36.04884012049997,51.07555676403916,24,41.66666666666667,19,36.85086283610474,4.815803830561927,26,34.29236980752021,27,27.681028190692192,39.90876109500554,33,30,32,17,5,33.333,CFR-PUBLICATION-1.1,trailing,False,False,False,exploratory,reference_sensitivity_not_assessed_by_trailing_audit
19,00-0013042,Jake Plummer,ARI;DEN,1999,2006,29,14,15,48.276,40.3,7.975,13,-2.129,15.346,45.388084217083694,16,37.007947632176204,52.29226967583519,20,25.0,46,29.891232901710673,-4.891232901710674,50,33.225917887176635,47,26.574096733188746,38.94258871601494,12,27,33,19,2,14.286,CFR-PUBLICATION-1.1,trailing,False,False,False,exploratory,reference_sensitivity_not_assessed_by_trailing_audit
20,00-0005741,Rich Gannon,LV,1999,2004,29,14,15,48.276,38.043,10.232,9,-0.638,26.853,45.86990136932674,11,37.36861376713596,52.66257716668314,19,42.10526315789473,18,29.738246255460272,12.367016902434463,5,35.06639850234885,13,28.229807381166676,40.80047048599888,54,45,33,19,7,50.0,CFR-PUBLICATION-1.1,trailing,False,False,False,exploratory,reference_sensitivity_not_assessed_by_trailing_audit
21,00-0021678,Tony Romo,DAL,2006,2015,42,20,22,47.619,39.225,8.394,12,-1.228,18.025,45.94647934512711,10,37.70311134787108,52.47101458470178,30,36.666666666666664,27,29.203749447192262,7.462917219474402,17,34.82715341319478,17,28.160510742715278,40.45510354668712,6,11,45,25,2,10.0,CFR-PUBLICATION-1.1,trailing,False,False,False,exploratory,reference_sensitivity_not_assessed_by_trailing_audit
22,00-0026498,Matthew Stafford,DET;LA,2009,2026,82,39,43,47.561,42.407,5.154,25,-5.833,14.926,45.35287448735181,17,38.038113408666526,50.901143189811094,60,36.666666666666664,27,35.38591255782776,1.2807541088389052,38,33.72590597468916,38,27.629583238868488,38.84409543252309,18,23,94,55,3,7.692,CFR-PUBLICATION-1.1,trailing,False,False,False,exploratory,reference_sensitivity_not_assessed_by_trailing_audit
23,00-0023459,Aaron Rodgers,GB;NYJ;PIT,2008,2026,70,33,37,47.143,43.418,3.724,33,-5.592,13.955,44.66003870853154,29,37.21381535577643,50.534083993277015,45,37.77777777777778,26,32.00782160247932,5.769956175298457,23,34.755886883537364,18,28.34780853572892,40.12943675338025,36,13,81,48,10,30.303,CFR-PUBLICATION-1.1,trailing,False,False,False,exploratory,reference_sensitivity_not_assessed_by_trailing_audit
24,00-0024226,Jay Cutler,CHI;DEN;MIA,2006,2017,45,21,24,46.667,41.869,4.798,26,-5.966,16.989,44.91352214344388,24,36.91817274873653,51.22783326579379,32,43.75,11,31.487278457186353,12.262721542813647,6,35.6782721608062,5,28.996837627020533,41.2719385587954,11,37,48,27,3,14.286,CFR-PUBLICATION-1.1,trailing,False,False,False,exploratory,reference_sensitivity_not_assessed_by_trailing_audit
25,00-0021231,David Garrard,JAX,2002,2010,30,14,16,46.667,40.639,6.027,21,-2.977,12.405,44.902920797156014,25,36.488931157544556,51.64499476930502,22,31.818181818181817,37,34.22611508233477,-2.4079332641529563,43,33.43113219989534,41,26.80461291291066,39.07278074373953,7,26,28,14,1,7.143,CFR-PUBLICATION-1.1,trailing,False,False,False,exploratory,reference_sensitivity_not_assessed_by_trailing_audit
26,00-0029604,Kirk Cousins,ATL;LV;MIN;WAS,2012,2026,67,31,36,46.269,44.492,1.777,35,-8.403,10.662,43.88288075153175,35,36.27156484824513,49.774278922244356,46,39.130434782608695,23,33.57763241429531,5.552802368313387,24,34.73762914937662,19,28.326439577726937,40.11182019644309,25,15,60,29,6,19.355,CFR-PUBLICATION-1.1,trailing,False,False,False,exploratory,reference_sensitivity_not_assessed_by_trailing_audit
27,00-0019599,Marc Bulger,LA,2003,2009,26,12,14,46.154,42.385,3.769,32,-15.041,21.582,44.34265945236503,33,35.79641562862522,51.1150129036222,17,35.294117647058826,31,30.508938990033645,4.785178657025179,27,34.21673783271074,31,27.53681993120875,39.98088429868349,21,10,25,13,3,25.0,CFR-PUBLICATION-1.1,trailing,False,False,False,exploratory,reference_sensitivity_not_assessed_by_trailing_audit
28,00-0005106,Brett Favre,GB;MIN;NYJ,1999,2010,59,27,32,45.763,41.693,4.07,31,-10.772,17.952,44.73083524210697,27,37.10655690476384,50.78853427013428,38,34.21052631578947,34,30.956123980856294,3.254402334933182,33,34.19683775018297,32,27.728787019939936,39.52975707757007,27,42,58,31,4,14.815,CFR-PUBLICATION-1.1,trailing,False,False,False,exploratory,reference_sensitivity_not_assessed_by_trailing_audit
29,00-0027939,Cam Newton,CAR;NE,2011,2021,44,20,24,45.455,39.198,6.257,19,-2.428,14.806,45.313562424142624,19,37.23860648959834,51.741438588440445,36,36.11111111111111,29,32.29975746758112,3.811353643529997,31,34.26057598600515,28,27.780604927831533,39.6224871374747,53,55,42,22,5,25.0,CFR-PUBLICATION-1.1,trailing,False,False,False,exploratory,reference_sensitivity_not_assessed_by_trailing_audit
30,00-0020245,Mike Vick,ATL;PHI;PIT,2001,2015,31,14,17,45.161,39.593,5.568,23,-14.682,20.828,44.78663705572359,26,36.42221989045072,51.39372259431136,21,42.857142857142854,13,31.422297849227782,11.434845007915072,11,35.01492321283932,14,28.25381577225574,40.701961144944846,37,28,31,17,3,21.429,CFR-PUBLICATION-1.1,trailing,False,False,False,exploratory,reference_sensitivity_not_assessed_by_trailing_audit
31,00-0001823,Aaron Brooks,LV;NO,2001,2006,29,13,16,44.828,42.436,2.392,34,-8.918,9.484,44.09340344906332,34,35.62674245956551,50.91591720017906,21,38.095238095238095,24,32.07442799043053,6.020810104807561,21,34.42961574174037,23,27.712132444269066,40.18376415123717,10,35,29,16,3,23.077,CFR-PUBLICATION-1.1,trailing,False,False,False,exploratory,reference_sensitivity_not_assessed_by_trailing_audit
32,00-0022787,Matt Schaub,ATL;BAL;HOU,2004,2015,29,13,16,44.828,38.875,5.953,22,-9.288,30.046,44.92538252315457,23,36.38958686715279,51.80464466058681,18,27.77777777777778,42,24.327097559288326,3.4506802184894547,32,34.13361612586153,33,27.446401366975838,39.91178159374379,45,51,31,18,3,23.077,CFR-PUBLICATION-1.1,trailing,False,False,False,exploratory,reference_sensitivity_not_assessed_by_trailing_audit
33,00-0026143,Matt Ryan,ATL;IND,2008,2022,81,36,45,44.444,40.066,4.379,29,-7.027,15.489,44.933862425022056,22,37.64429704390458,50.52472923228688,63,42.857142857142854,13,34.62528382161393,8.231859035528927,15,35.594951601365864,6,29.367122520411993,40.66027139257207,20,18,73,37,8,22.222,CFR-PUBLICATION-1.1,trailing,False,False,False,exploratory,reference_sensitivity_not_assessed_by_trailing_audit
34,00-0006423,Brian Griese,CHI;DEN;MIA;TB,1999,2008,25,11,14,44.0,37.179,6.821,17,-8.854,24.757,45.06866549753801,21,36.33015278070283,52.1722954179101,17,29.411764705882355,40,22.904158225424467,6.507606480457887,20,34.43363941975639,22,27.635936399480336,40.2991766826756,43,56,23,12,4,36.364,CFR-PUBLICATION-1.1,trailing,False,False,False,exploratory,reference_sensitivity_not_assessed_by_trailing_audit
35,00-0006355,Trent Green,KC;LA;MIA,2000,2007,33,14,19,42.424,36.215,6.209,20,-6.004,20.715,45.137640615633515,20,36.72115242965222,51.987497846973895,25,40.0,21,27.193718698903226,12.806281301096778,4,35.4711541040445,9,28.753927845796863,41.18279020913428,40,50,39,25,2,14.286,CFR-PUBLICATION-1.1,trailing,False,False,False,exploratory,reference_sensitivity_not_assessed_by_trailing_audit
36,00-0031503,Jameis Winston,CLE;NO;NYG;TB,2015,2025,38,16,22,42.105,41.179,0.927,37,-7.199,11.047,43.67772203945505,36,35.51207711501128,50.30959399163816,29,37.93103448275862,25,33.32522876490023,4.605805717858385,28,34.34857047893185,26,27.752987664363033,39.921147982271265,59,53,28,12,3,18.75,CFR-PUBLICATION-1.1,trailing,False,False,False,exploratory,reference_sensitivity_not_assessed_by_trailing_audit
37,00-0034796,Lamar Jackson,BAL,2018,2026,31,13,18,41.935,41.997,-0.062,38,-16.435,15.515,43.55228858242219,38,35.1257180284272,50.51466986824838,17,23.52941176470588,51,18.075960051696168,5.453451713009713,25,34.35137958643069,25,27.56336351814086,40.23495691415965,34,17,33,20,2,15.385,CFR-PUBLICATION-1.1,trailing,False,False,False,exploratory,reference_sensitivity_not_assessed_by_trailing_audit
38,00-0027973,Andy Dalton,CHI;CIN;DAL;NO,2011,2022,49,20,29,40.816,41.455,-0.639,41,-10.864,12.737,43.04832253462737,42,35.34412453869778,49.18991029041443,34,32.35294117647059,35,32.89562487002279,-0.5426836935522039,39,33.495223991299454,40,27.06128849743148,38.94738782224515,35,34,53,33,5,25.0,CFR-PUBLICATION-1.1,trailing,False,False,False,exploratory,reference_sensitivity_not_assessed_by_trailing_audit
39,00-0005755,Jeff Garcia,CLE;DET;PHI;SF;TB,1999,2008,40,16,24,40.0,46.231,-6.231,53,-19.838,7.812,41.57638995899136,53,33.66013260019289,48.05958964567266,21,14.285714285714285,61,32.334281160349136,-18.04856687463485,64,31.710995013521575,63,25.249286476321192,37.320886561328734,32,12,39,23,3,18.75,CFR-PUBLICATION-1.1,trailing,False,False,False,exploratory,reference_sensitivity_not_assessed_by_trailing_audit
40,00-0007091,Matt Hasselbeck,GB;IND;SEA;TEN,2000,2015,40,16,24,40.0,45.331,-5.331,50,-18.786,6.538,41.83620735228508,51,33.84280506033931,48.35371598205091,21,14.285714285714285,61,26.573007205052168,-12.287292919337883,56,32.35112115383485,55,25.787932574601875,37.91325399237365,16,9,42,26,0,0.0,CFR-PUBLICATION-1.1,trailing,False,False,False,exploratory,reference_sensitivity_not_assessed_by_trailing_audit
41,00-0023662,Matt Cassel,DAL;KC;MIN;NE;TEN,2005,2017,25,10,15,40.0,35.406,4.594,27,-8.715,22.995,44.53217343159806,30,35.89164206434907,51.42854131913758,16,25.0,46,23.477519111286718,1.522480888713282,37,33.95253381931364,37,27.17289700542946,39.72284347944934,49,52,32,22,3,30.0,CFR-PUBLICATION-1.1,trailing,False,False,False,exploratory,reference_sensitivity_not_assessed_by_trailing_audit
42,00-0022942,Philip Rivers,IND;LAC,2006,2025,83,32,51,38.554,41.049,-2.495,43,-12.258,8.414,41.86032316824087,50,34.632886109716885,47.376779154271006,64,29.6875,39,33.14393323530866,-3.4564332353086593,48,32.39696016291056,54,26.43454161564967,37.4035432897697,55,58,71,39,10,31.25,CFR-PUBLICATION-1.1,trailing,False,False,False,exploratory,reference_sensitivity_not_assessed_by_trailing_audit
43,00-0033537,Deshaun Watson,CLE;HOU,2017,2026,26,10,16,38.462,33.155,5.306,24,-14.738,21.596,44.69438150638235,28,36.066947633206034,51.59332353385491,22,27.27272727272727,44,28.644325746446203,-1.3715984737189324,41,33.56894721478148,39,26.9030627735688,39.21733277729583,15,5,26,16,3,30.0,CFR-PUBLICATION-1.1,trailing,False,False,False,exploratory,reference_sensitivity_not_assessed_by_trailing_audit
44,00-0034855,Baker Mayfield,CAR;CLE;LA;TB,2018,2026,42,16,26,38.095,41.264,-3.169,44,-19.091,9.153,42.391137344201304,45,34.38538765442395,48.79825908744722,36,36.11111111111111,29,37.1255625242144,-1.01445141310329,40,33.377190441760746,44,26.996943749010367,38.770958610070224,58,49,33,17,6,37.5,CFR-PUBLICATION-1.1,trailing,False,False,False,exploratory,reference_sensitivity_not_assessed_by_trailing_audit
45,00-0026158,Joe Flacco,BAL;CIN;CLE;DEN;IND;NYJ,2008,2025,78,29,49,37.179,40.799,-3.619,46,-10.746,5.177,41.42977812123634,55,34.11669340084316,47.12774344415127,54,27.77777777777778,42,29.932784497862563,-2.1550067200847844,42,32.9105465126866,49,26.711214479648216,37.980665429292756,51,21,72,43,7,24.138,CFR-PUBLICATION-1.1,trailing,False,False,False,exploratory,reference_sensitivity_not_assessed_by_trailing_audit
46,00-0008442,Brad Johnson,MIN;TB;WAS,1999,2006,35,13,22,37.143,43.968,-6.825,55,-15.431,1.073,41.639966076084534,52,33.611590468605144,48.30169485247472,20,15.0,59,29.534286962549956,-14.534286962549956,62,32.18178659019208,58,25.609042057841847,37.793726238200215,28,32,28,15,1,7.692,CFR-PUBLICATION-1.1,trailing,False,False,False,exploratory,reference_sensitivity_not_assessed_by_trailing_audit
47,00-0032950,Carson Wentz,IND;MIN;PHI;WAS,2016,2025,27,10,17,37.037,40.837,-3.8,47,-14.932,9.4,42.716292029790296,43,34.24815756538656,49.43876647387762,20,30.0,38,33.06207290253902,-3.06207290253902,46,33.41100525059388,43,26.747085211914108,39.094271803567395,50,57,32,22,4,40.0,CFR-PUBLICATION-1.1,trailing,False,False,False,exploratory,reference_sensitivity_not_assessed_by_trailing_audit
48,00-0019559,Chad Pennington,MIA;NYJ,2002,2009,27,10,17,37.037,37.572,-0.535,40,-14.758,8.537,43.4403988843993,40,34.97219063990574,50.394364601307615,20,25.0,46,28.104961547931634,-3.1049615479316337,47,33.416008431490894,42,26.730995920939794,39.11535998925329,60,47,20,10,2,20.0,CFR-PUBLICATION-1.1,trailing,False,False,False,exploratory,reference_sensitivity_not_assessed_by_trailing_audit
49,00-0035710,Daniel Jones,IND;NYG,2019,2026,30,11,19,36.667,43.468,-6.802,54,-26.574,18.864,41.907869162908895,49,33.6436087341299,48.7953365949465,20,35.0,32,29.029220528982624,5.970779471017373,22,34.42582507995677,24,27.67856315317086,40.22210931734001,46,36,24,13,3,27.273,CFR-PUBLICATION-1.1,trailing,False,False,False,exploratory,reference_sensitivity_not_assessed_by_trailing_audit
50,00-0035228,Kyler Murray,ARI,2019,2025,30,11,19,36.667,40.816,-4.149,49,-12.902,7.95,42.53352500406544,44,34.12864841273436,49.25354281474756,23,34.78260869565217,33,31.71454626248004,3.0680624331721305,34,34.09466797788888,34,27.51366575142582,39.70889134303701,48,46,25,14,3,27.273,CFR-PUBLICATION-1.1,trailing,False,False,False,exploratory,reference_sensitivity_not_assessed_by_trailing_audit
51,00-0029263,Russell Wilson,DEN;NYG;PIT;SEA,2012,2025,69,25,44,36.232,41.599,-5.367,51,-16.44,3.439,40.897829104744,59,33.66859692417224,46.734884433970606,47,25.53191489361702,45,31.464493788611602,-5.932578894994584,52,32.18143859965599,59,26.03725486809984,37.41052225107471,23,22,72,47,2,8.0,CFR-PUBLICATION-1.1,trailing,False,False,False,exploratory,reference_sensitivity_not_assessed_by_trailing_audit
52,00-0020608,David Carr,CAR;HOU;SF,2002,2010,25,9,16,36.0,50.121,-14.121,63,-24.662,-2.041,40.68753379017653,61,32.2828923850741,47.5112371120647,17,29.411764705882355,40,39.46038672601604,-10.048622020133685,55,32.84124727521201,51,26.290361195264794,38.54278026947584,57,61,19,10,3,33.333,CFR-PUBLICATION-1.1,trailing,False,False,False,exploratory,reference_sensitivity_not_assessed_by_trailing_audit
53,00-0023682,Ryan Fitzpatrick,BUF;CIN;HOU;LA;MIA;NYJ;TB;TEN,2005,2020,45,16,29,35.556,39.568,-4.013,48,-19.164,12.679,42.06039643571964,48,34.052694591643665,48.52125541628874,30,23.333333333333332,52,26.134411994095203,-2.8010786607618687,45,33.22616133490121,46,26.68442060611546,38.79125015877874,61,59,38,22,3,18.75,CFR-PUBLICATION-1.1,trailing,False,False,False,exploratory,reference_sensitivity_not_assessed_by_trailing_audit
54,00-0001361,Drew Bledsoe,BUF;DAL;NE,1999,2006,37,13,24,35.135,36.246,-1.111,42,-8.955,7.072,43.13240035961014,41,34.89148186432248,49.74416726452265,26,19.230769230769234,55,25.872276599436667,-6.641507368667435,53,32.79376291191014,52,26.315880794057083,38.3493550505034,56,64,32,19,2,15.385,CFR-PUBLICATION-1.1,trailing,False,False,False,exploratory,reference_sensitivity_not_assessed_by_trailing_audit
55,00-0003292,Kerry Collins,LV;NYG;TEN,1999,2010,41,14,27,34.146,37.559,-3.413,45,-15.117,7.905,42.34671605079604,46,34.24937564399123,48.83160017576832,29,24.137931034482758,50,28.195396404703775,-4.057465370221017,49,33.03864975126196,48,26.55732817629095,38.53557908313528,31,38,36,22,3,21.429,CFR-PUBLICATION-1.1,trailing,False,False,False,exploratory,reference_sensitivity_not_assessed_by_trailing_audit
56,00-0017200,Kurt Warner,ARI;LA;NYG,1999,2009,31,10,21,32.258,40.69,-8.432,57,-21.445,2.481,41.44657990919109,54,33.07251653061914,48.327217454445304,23,17.391304347826086,56,30.596914074963564,-13.20560972713748,59,32.11107782776573,60,25.56841562109613,37.71422658675409,42,40,26,16,3,30.0,CFR-PUBLICATION-1.1,trailing,False,False,False,exploratory,reference_sensitivity_not_assessed_by_trailing_audit
57,00-0036971,Trevor Lawrence,JAX,2021,2026,32,10,22,31.25,40.045,-8.795,58,-20.542,1.649,41.28298135620313,56,32.89821572246482,48.11319570727999,23,17.391304347826086,56,25.641831936238752,-8.250527588412664,54,32.71611922418482,53,26.219364281772766,38.29644053270812,38,39,24,14,1,10.0,CFR-PUBLICATION-1.1,trailing,False,False,False,exploratory,reference_sensitivity_not_assessed_by_trailing_audit
58,00-0009311,Jon Kitna,CIN;DAL;DET;SEA,1999,2010,40,12,28,30.0,37.556,-7.556,56,-16.013,2.31,41.15691378339541,58,33.01017802643065,47.592700520775054,29,20.689655172413794,53,25.905426071263815,-5.215770898850022,51,32.889941372652416,50,26.41017603122618,38.418341210864,47,44,31,19,2,16.667,CFR-PUBLICATION-1.1,trailing,False,False,False,exploratory,reference_sensitivity_not_assessed_by_trailing_audit
59,00-0011022,Donovan McNabb,MIN;PHI;WAS,1999,2011,48,14,34,29.167,42.464,-13.297,61,-24.386,-2.116,38.86172541809578,64,31.05255534565933,45.19358233126905,29,13.793103448275861,63,26.64349394718897,-12.850390498913105,57,31.738994743905323,62,25.350188433477562,37.20918215430843,29,29,43,29,3,21.429,CFR-PUBLICATION-1.1,trailing,False,False,False,exploratory,reference_sensitivity_not_assessed_by_trailing_audit
60,00-0033119,Jacoby Brissett,ARI;CLE;IND;MIA;NE,2017,2026,26,7,19,26.923,44.241,-17.318,64,-32.882,4.777,39.96358858850317,63,31.833321994962592,46.76706759159464,20,25.0,46,38.84470355648028,-13.844703556480287,60,32.24736860276652,56,25.740301807921522,37.79278228935187,65,54,21,14,2,28.571,CFR-PUBLICATION-1.1,trailing,False,False,False,exploratory,reference_sensitivity_not_assessed_by_trailing_audit
61,00-0021206,Josh McCown,ARI;CHI;CLE;LV;NYJ;PHI;TB,2003,2019,31,8,23,25.806,31.327,-5.52,52,-16.635,8.312,42.16174891790011,47,33.7532972631393,49.05490486959488,25,20.0,54,22.71895322016725,-2.71895322016725,44,33.3747473739129,45,26.705741616548977,39.06284411536986,64,62,18,10,2,25.0,CFR-PUBLICATION-1.1,trailing,False,False,False,exploratory,reference_sensitivity_not_assessed_by_trailing_audit
62,00-0023436,Alex Smith,KC;SF;WAS,2005,2020,39,10,29,25.641,37.309,-11.668,60,-24.535,3.216,40.0444531084625,62,32.10392647060991,46.582407639119054,30,16.666666666666664,58,29.798297075738102,-13.131630409071434,58,31.633760516515043,64,25.30062760960176,37.03075832411242,26,43,39,29,2,20.0,CFR-PUBLICATION-1.1,trailing,False,False,False,exploratory,reference_sensitivity_not_assessed_by_trailing_audit
63,00-0031407,Blake Bortles,JAX,2014,2018,25,6,19,24.0,37.335,-13.335,62,-29.943,5.959,40.83014427608042,60,32.35869855420662,47.67215528136444,20,15.0,59,29.512901909291973,-14.512901909291973,61,32.18432799437706,57,25.614869212831863,37.793774196099854,63,63,14,8,1,16.667,CFR-PUBLICATION-1.1,trailing,False,False,False,exploratory,reference_sensitivity_not_assessed_by_trailing_audit
64,00-0023460,Jason Campbell,CHI;CLE;LV;WAS,2006,2013,27,6,21,22.222,33.006,-10.784,59,-27.527,7.882,41.19210627151514,57,32.77338881463711,48.01053595511722,22,13.636363636363635,64,28.456948025878294,-14.820584389514657,63,31.98720033280882,61,25.47760609303184,37.57743346534706,62,65,18,12,2,33.333,CFR-PUBLICATION-1.1,trailing,False,False,False,exploratory,reference_sensitivity_not_assessed_by_trailing_audit
