qb_id,display_name,cdcr_rank,kacsmar_raw_rank,raw_to_cdcr_rank_move,movement_direction,kacsmar_adjusted_rank,all_drive_conversion_rank,raw_gap_abs,adjusted_gap_abs,all_drive_gap_abs,adjustment_gap_reduction,all_drive_gap_reduction,adjusted_within_5_of_cdcr,all_drive_within_5_of_cdcr,lost_go_ahead_games,lost_go_ahead_rate,cdcr_pct,raw_gwd_pct,adjusted_pct,drive_conversion_pct,cdcr_resolved,kacsmar_drives
00-0036442,Joe Burrow,5,50,45,CDCR_HIGHER,5,17,45,0,12,45,33,1,0,6,0.176471,56.0,33.824,66.176,37.647,25,85
00-0036355,Justin Herbert,4,41,37,CDCR_HIGHER,30,13,37,26,9,11,28,0,0,9,0.173077,57.143,36.538,54.808,38.983,35,118
00-0023436,Alex Smith,63,26,-37,KACSMAR_RAW_HIGHER,43,37,37,20,26,17,11,0,0,5,0.081967,25.0,40.984,51.639,33.094,40,139
00-0005741,Rich Gannon,18,54,36,CDCR_HIGHER,45,36,36,27,18,9,18,0,0,3,0.076923,48.276,30.769,50.0,33.333,29,90
00-0011022,Donovan McNabb,59,29,-30,KACSMAR_RAW_HIGHER,29,54,30,30,5,0,25,0,1,9,0.126761,29.167,39.855,54.93,28.729,48,181
00-0033537,Deshaun Watson,47,20,-27,KACSMAR_RAW_HIGHER,7,10,27,40,37,-13,-10,0,0,8,0.228571,36.0,42.857,65.714,40.0,25,75
00-0003292,Kerry Collins,57,31,-26,KACSMAR_RAW_HIGHER,38,51,26,19,6,7,20,0,0,8,0.121212,31.707,39.394,53.03,29.655,41,145
00-0030565,Geno Smith,15,39,24,CDCR_HIGHER,24,44,24,9,29,15,-5,0,0,4,0.078431,48.387,37.255,56.863,31.579,31,114
00-0031503,Jameis Winston,35,59,24,CDCR_HIGHER,54,61,24,19,26,5,-2,0,0,6,0.115385,41.026,28.846,47.115,24.138,39,116
00-0008442,Brad Johnson,50,28,-22,KACSMAR_RAW_HIGHER,33,59,22,17,9,5,13,0,0,4,0.08,35.294,40.816,54.0,27.119,34,118
00-0027939,Cam Newton,32,53,21,CDCR_HIGHER,55,53,21,23,21,-2,0,0,0,8,0.119403,43.478,32.09,46.269,29.197,46,137
00-0007091,Matt Hasselbeck,37,16,-21,KACSMAR_RAW_HIGHER,9,29,21,28,8,-7,13,0,0,9,0.147541,40.0,44.262,63.115,34.932,40,146
00-0029263,Russell Wilson,45,24,-21,KACSMAR_RAW_HIGHER,22,28,21,23,17,-2,4,0,0,13,0.121495,36.232,41.589,57.009,35.268,69,224
00-0021231,David Garrard,27,7,-20,KACSMAR_RAW_HIGHER,26,20,20,1,7,19,13,1,0,3,0.078947,45.161,47.368,56.579,35.955,31,89
00-0036971,Trevor Lawrence,58,38,-20,KACSMAR_RAW_HIGHER,39,27,20,19,31,1,-11,0,0,6,0.146341,30.303,37.5,52.439,35.294,33,85
00-0022803,Eli Manning,11,30,19,CDCR_HIGHER,23,15,19,12,4,7,15,0,1,16,0.146789,51.429,39.45,56.881,38.333,70,240
00-0032268,Marcus Mariota,16,33,17,CDCR_HIGHER,31,34,17,15,18,2,-1,0,0,6,0.136364,48.387,38.636,54.545,33.645,31,107
00-0033077,Dak Prescott,26,11,-15,KACSMAR_RAW_HIGHER,14,6,15,12,20,3,-5,0,0,6,0.1,45.238,45.833,59.167,42.958,42,142
00-0003739,Daunte Culpepper,56,42,-14,KACSMAR_RAW_HIGHER,60,52,14,4,4,10,10,1,1,1,0.021277,32.0,36.17,41.489,29.348,25,92
00-0021678,Tony Romo,20,6,-14,KACSMAR_RAW_HIGHER,11,18,14,9,2,5,12,0,1,5,0.079365,47.619,47.619,61.111,36.986,42,146
00-0022942,Philip Rivers,42,55,13,CDCR_HIGHER,58,45,13,16,3,-3,10,0,1,12,0.1,36.905,30.0,45.417,31.405,84,242
00-0009311,Jon Kitna,60,47,-13,KACSMAR_RAW_HIGHER,44,56,13,16,4,-3,9,0,1,7,0.122807,27.5,35.088,50.877,27.737,40,137
00-0011024,Steve McNair,2,14,12,CDCR_HIGHER,41,58,12,39,56,-27,-44,0,0,2,0.041667,61.538,44.444,52.083,27.358,26,106
00-0017200,Kurt Warner,55,43,-12,KACSMAR_RAW_HIGHER,40,57,12,15,2,-3,10,0,1,4,0.085106,32.258,36.17,52.128,27.551,31,98
00-0020608,David Carr,46,57,11,CDCR_HIGHER,61,50,11,15,4,-4,7,0,1,4,0.117647,36.0,29.412,41.176,29.851,25,67
00-0024226,Jay Cutler,21,10,-11,KACSMAR_RAW_HIGHER,37,23,11,16,2,-5,9,0,1,4,0.0625,46.667,46.032,53.125,35.766,45,137
00-0031280,Derek Carr,12,22,10,CDCR_HIGHER,32,8,10,20,4,-10,6,0,1,10,0.119048,50.0,42.169,54.167,40.331,58,181
00-0013042,Jake Plummer,22,12,-10,KACSMAR_RAW_HIGHER,27,33,10,5,11,5,-1,1,0,5,0.108696,46.667,45.652,56.522,33.654,30,104
00-0026143,Matt Ryan,29,19,-10,KACSMAR_RAW_HIGHER,18,16,10,11,13,-1,-3,0,0,14,0.122807,43.902,43.421,58.333,38.117,82,223
00-0023662,Matt Cassel,40,49,9,CDCR_HIGHER,53,31,9,13,9,-4,0,0,0,4,0.114286,40.0,34.286,47.143,34.653,25,101
00-0023682,Ryan Fitzpatrick,52,61,9,CDCR_HIGHER,59,43,9,7,9,2,0,0,0,8,0.117647,34.783,27.612,43.382,31.69,46,142
00-0034857,Josh Allen,14,5,-9,KACSMAR_RAW_HIGHER,2,2,9,12,12,-3,-3,0,0,9,0.157895,48.718,49.123,69.298,47.5,39,120
00-0033106,Jared Goff,7,15,8,CDCR_HIGHER,19,9,8,12,2,-4,6,0,1,7,0.112903,54.054,44.355,58.065,40.171,37,117
00-0001823,Aaron Brooks,17,9,-8,KACSMAR_RAW_HIGHER,35,32,8,18,15,-10,-7,0,0,3,0.073171,48.276,46.341,53.659,34.118,29,85
00-0020531,Drew Brees,10,17,7,CDCR_HIGHER,6,4,7,4,6,3,1,1,0,20,0.153846,51.724,44.186,66.154,43.411,87,258
00-0022787,Matt Schaub,38,45,7,CDCR_HIGHER,51,49,7,13,11,-6,-4,0,0,4,0.095238,40.0,35.714,48.81,30.0,30,110
00-0020245,Mike Vick,30,37,7,CDCR_HIGHER,28,39,7,2,9,5,-2,1,0,6,0.130435,43.75,38.043,55.435,33.01,32,103
00-0021429,Carson Palmer,19,25,6,CDCR_HIGHER,48,30,6,29,11,-23,-5,0,0,7,0.078652,48.148,41.477,49.438,34.783,54,184
00-0019559,Chad Pennington,54,60,6,CDCR_HIGHER,47,47,6,7,7,-1,-1,0,0,5,0.128205,33.333,28.205,50.0,30.38,27,79
00-0006355,Trent Green,34,40,6,CDCR_HIGHER,50,35,6,16,1,-10,5,0,1,4,0.081633,41.176,36.735,48.98,33.645,34,107
00-0026498,Matthew Stafford,24,18,-6,KACSMAR_RAW_HIGHER,25,14,6,1,10,5,-4,1,0,15,0.117188,45.783,43.701,56.641,38.519,83,270
00-0034855,Baker Mayfield,53,58,5,CDCR_HIGHER,49,19,5,4,34,1,-29,1,0,10,0.178571,33.333,29.091,49.107,36.283,42,113
00-0006423,Brian Griese,39,44,5,CDCR_HIGHER,56,60,5,17,21,-12,-16,0,0,1,0.027027,40.0,36.111,45.946,24.49,25,98
00-0001361,Drew Bledsoe,51,56,5,CDCR_HIGHER,64,64,5,13,13,-8,-8,0,0,2,0.038462,35.135,29.412,36.538,22.4,37,125
00-0027973,Andy Dalton,41,36,-5,KACSMAR_RAW_HIGHER,34,46,5,7,5,-2,0,0,1,10,0.123457,38.0,38.272,53.704,31.183,50,186
00-0022924,Ben Roethlisberger,9,4,-5,KACSMAR_RAW_HIGHER,8,7,5,1,2,4,3,1,1,14,0.118644,52.5,50.0,63.983,42.213,80,244
00-0029604,Kirk Cousins,28,23,-5,KACSMAR_RAW_HIGHER,17,25,5,11,3,-6,2,0,1,13,0.154762,44.776,41.667,58.929,35.385,67,195
00-0019596,Tom Brady,6,1,-5,KACSMAR_RAW_HIGHER,3,5,5,3,1,2,4,1,1,11,0.085938,55.422,57.48,68.359,42.96,83,277
00-0026158,Joe Flacco,48,52,4,CDCR_HIGHER,21,41,4,27,7,-23,-3,0,0,20,0.20202,35.897,33.333,57.071,32.353,78,238
00-0035228,Kyler Murray,44,48,4,CDCR_HIGHER,46,26,4,2,18,2,-14,1,0,4,0.095238,36.667,34.524,50.0,35.366,30,82
00-0005755,Jeff Garcia,36,32,-4,KACSMAR_RAW_HIGHER,12,21,4,24,15,-20,-11,0,0,6,0.12,41.026,38.776,61.0,35.833,39,120
00-0023459,Aaron Rodgers,31,34,3,CDCR_HIGHER,13,11,3,18,20,-15,-17,0,0,16,0.152381,43.478,38.571,60.952,39.64,69,222
00-0035710,Daniel Jones,43,46,3,CDCR_HIGHER,36,40,3,7,3,-4,0,0,1,6,0.136364,36.667,35.227,53.409,32.99,30,97
00-0033119,Jacoby Brissett,61,64,3,CDCR_HIGHER,52,55,3,9,6,-6,-3,0,0,7,0.212121,26.923,18.182,48.485,28.0,26,75
00-0021206,Josh McCown,62,65,3,CDCR_HIGHER,62,63,3,0,1,3,2,1,1,7,0.152174,25.806,17.778,39.13,23.0,31,100
00-0005106,Brett Favre,25,27,2,CDCR_HIGHER,42,48,2,17,23,-15,-21,0,0,6,0.072289,45.763,40.964,51.807,30.288,59,208
00-0032950,Carson Wentz,49,51,2,CDCR_HIGHER,57,38,2,8,11,-6,-9,0,0,4,0.085106,35.714,33.696,45.745,33.019,28,106
00-0034796,Lamar Jackson,33,35,2,CDCR_HIGHER,16,12,2,17,21,-15,-19,0,0,8,0.205128,41.935,38.462,58.974,39.56,31,91
00-0031407,Blake Bortles,65,63,-2,KACSMAR_RAW_HIGHER,63,65,2,2,0,0,2,1,1,4,0.105263,19.231,21.053,38.158,16.346,26,104
00-0023460,Jason Campbell,64,62,-2,KACSMAR_RAW_HIGHER,65,62,2,1,2,1,0,1,1,2,0.05,21.429,25.0,35.0,23.529,28,85
00-0019599,Marc Bulger,23,21,-2,KACSMAR_RAW_HIGHER,10,22,2,13,1,-11,1,0,1,6,0.15,46.154,42.5,61.25,35.789,26,95
00-0033873,Patrick Mahomes,1,2,1,CDCR_HIGHER,1,1,1,0,0,1,1,1,1,8,0.133333,65.0,55.0,70.833,53.03,40,132
00-0004161,Jake Delhomme,8,8,0,SAME,15,42,0,7,34,-7,-34,0,0,4,0.072727,52.778,47.273,59.091,32.231,36,121
00-0010346,Peyton Manning,3,3,0,SAME,4,3,0,1,0,-1,0,1,1,8,0.075472,58.333,54.717,67.453,45.972,60,211
00-0029701,Ryan Tannehill,13,13,0,SAME,20,24,0,7,11,-7,-11,0,0,6,0.083333,50.0,44.444,57.639,35.625,46,160
